name,price
Kurma Ajwa 500 Gram Golden Tamr Kurma Ajwa Nabi Oleh Haji Umroh Premium Nabi Asli Super Jumbo Arab Korma Hitam Kering muda Embuk Legit,
Kurma Halal Al-Qaseem Ember Original Ember Kemasan 720gram,
Kurma Coklat Basah Al Qasem 720gram Kurma Buka Puasa Halal,
500 GRAM JERICO DATES MEDJOUL DATES ( KURMA MEDJOOL ),
Kurma Ember Al Qaseem Premium Expired 2025 Kemasan Ember 720 gram Halal Menu Buka Puasa dan Hidangan Lebaran,
buah salak pondoh ukuran besar manis readystok siap kirim,
Kurma Ember 500gr Al Azhiim palm fruit,
Kurma Shoidi ARA 5kg Premium Pulen Dan Lembut - Kurma Manis Rasa Sukari Kering,
Kurma Sukari Basah Al-Qaseem Kemasan Ember Berat Bersih 720gram Halal Original,
CARI SAYUR - Daun Seledri Akar [250 gr],
(Best Quality) Kurma Sukari 1 Kg Premium Kemasan Ember Kurma Sukari Gratis Ongkir Kurma Sukari Madu 1kg Basah Kurma Sukari Ember Kurma Sukari Lembut Meningkatkan Imun & Daya Tahan Tubuh Kemasan Ember,
KURMA DATES 225GR,
(GRADE A) Kurma Tunisia Tangkai 500gr Kurma Tangkai Tunis Premium Kurma Tunisia Deglet Nour 500gr Palm Fruit Frutt Kurma Palm Frutt 500gram Original Kurma Tunisia Tangkai Kurma Tunisia Madu Tangkai Premium Quality,
KURMA MADU MESIR 1 KG GOLDEN VALLEY ORIGINAL Kurma Madu Asli Madinah Kurma Madu Basah 1kg Kurma Madu Lembut Kurma Madu Tunisia Asli Kurma Madu Sukari 1kg,
Kurma Sukari 3Kg (Good Quality) Kurma Sukari Asli Madinah 3kg Kurma Sukari Manis Lembut Kurma Sukari Al Qassim Premium Quality,
Angco Merah Kurma Cina Premium Kemasan PETCAN,
kurma medjool Palestina jumbo Premium 500 g | Al-Rowad medjol menjol,
Kurma Barari Tunisia Tangkai 500gr Lezat | Tunisian Dates 500 gr,
kurma Albaik green ice,
pete - petai tua segar dan murah isi 10 papan / lonjor,
pete tua super berkualitas isi 10 papan,
Buah salak segar 1kg/salak pondoh/buah salak/1kg,
Ruthob Kurma Sukari Basah 1 kg Lembut Lumer Legit Manis,
Kurma Anggur Kurma Madu Black Diamond Kemasan Baru,
[BP] KURMA EMBER 500 GR AL EL QASEEM QASEM KASIM KASIIM 500GR PREMIUM MURAH BPAN 500GRAM GRAM,
pete - petai tua segar baru peti isi 10,
Pete Petai Super Tua baru petik,
1kg jengkol muda segar readystok siap kirim,
Kurma Tunis Madu 250gram,
Kurma Wadi Alhabib Kurma Mesir Wadi Alhabib Dates 1 Kg Sukkari 1kg Original Kilogram Al Habib Mesir Tunisia Madu Golden Valley Premium Kg Buah Asli Arab Murah Berkualitas Merah Saudi Original Madinah Mekkah Dari Saudi Kering Oleh Haji Dan Umroh Grosir,
Kurma Medjool Jumbo Premium 1Kg (Good Quality) Medjool Fresh Date 1kg Kurma Medjol Dates palestine Natural Delight Jumbo Oleh Oleh Haji,
Kurma Tunisia Palm Frutt 500 gram Palm Fruit Premium Quality Palm Fruit Kurma Kurma Palm Fruit 500gram Palm Frutt Kurma Tunisia,
Kurma Sukari Raja Dus 3 Kg Grade A Premium Quality Premium Original Kurma Raja Basah Lembut Manis Qualitas Premium Kurma Sukari Lembut Kualitas Premium Kaya Serat Vitamin,
Kurma Sukari Al Qassim 1Kg (Good Quality) Kurma Sukari Premium 1kg Kurma Sukari 1kg Asli Premium Kurma Al Qassem Kurma 1kg Gratis Ongkir,
Kurma mesir 1kg (Made In Egypt) golden valley Kurma mesir madu 1 kg kurma madu mesir golden valley murah Kurma Madu Lembut 1kg,
Kurma Golden Orient 1Kg Kemasan Box,
kulit melinjo segar 250gram Rp 10k,
Buah Tin Kering Premium,
Kurma Al Qaseem Kemasan Ember,
Kurma 1 Kilo Besar Date Crown Khalas Tanpa Tangkai 1kg Date Crown Manis Kurma Manis Legit Besar Kurma Besar Jumbo Korma Arab Asli Murah 1kg Saudi Lembut 1 Kg Kurma Super Besar Jumbo Korma Arab Asli,
